Item Name,Qty,Price (total) (GBP),Item link,Notes
500mAh 3.7V LiPo Battery,2,$6.00,https://thepihut.com/products/500mah-3-7v-lipo-battery?variant=42143258280131&country=GB&currency=GBP&utm_medium=product_sync&utm_source=google&utm_content=sag_organic&utm_campaign=sag_organic&srsltid=AU7gw4V1JpJ3AECQymP2UB_GO3aMRnwjW5L-jOPTDQdLnZCnpcVJDGJP7rA,
2 Pair Magnetic Pogo Pin Connector,8,$4.99,https://www.amazon.co.uk/Magnetic-Connector-Pogopin-Female-5P/dp/B0DHQNZM9J?source=ps-sl-shoppingads-lpcontext&ref_=fplfs&th=1,
5mm LEDs,3,$0.12,https://mindsetsonline.co.uk/shop/standard-5mm-leds/,
NPN transistor,5,$0.23,https://cpc.farnell.com/on-semiconductor/bc548bta/transistor-bipol-npn-30v-to-92/dp/SC13993,
Jumper wires,1,$3.40,https://thepihut.com/products/premium-male-male-raw-jumper-wires-40-x-6-150mm?variant=27740348753&country=GB&currency=GBP&utm_medium=product_sync&utm_source=google&utm_content=sag_organic&utm_campaign=sag_organic&srsltid=AU7gw4XklYDBnBWaxjJV2Yi6Nyu74u9RHec9jpqXTOpDrUTNs9ANcYnAwq4,
Resistor,3,$1.00,https://thepihut.com/products/resistor-packs?variant=37986550808771&country=GB&currency=GBP&utm_medium=product_sync&utm_source=google&utm_content=sag_organic&utm_campaign=sag_organic&srsltid=AU7gw4WU22swVI5rLOv5WCeOtvHAieYFmvB7D-tU5GNXq63TK5mAfhQADhs,
M2 screws,6,$4.39,https://www.amazon.co.uk/500-Pcs-Small-Screws-Set/dp/B0DKXJTTPV/ref=sr_1_4?dib=eyJ2IjoiMSJ9.tv-dzwkl1NiXprL9Uc2XVcRGXgJoFEVMNJVKoyI_ubptPp-vRtIC-iouvjB11229TmxdwsIskZ9lo8WDiav9BbPimNqtcUH00-RgNcJ31lT-19yRTSifk0Cpdm9IoazM8agsPyzW-mS24wjf6P0VrlfHc9HZe1895bmyvfBS7z8vcmRTYzBQ0TBpfk1Sk-JGwZC7UsQleaWnFdHaSK1xP_scWjrToPo_F7Orfkh-Lkk.OjF4-yRD4d6jUKdcBqfiYdVo9l2xDwE-R_T9lSXbm2E&dib_tag=se&keywords=m2+screws&qid=1790984061&sr=8-4,
,,,,
500g Filament,1,$9.99,https://uk.store.sunlu.com/products/over-3kg-bulk-sale-pla-matte-filament-neatly-wound-filament,
,,,,
,,,,
,,,,
CURRENTLY IN PROTOTYPE PHASE TO MAKE A PROOF OF CONCEPT. WILL NEED MORE MONEY AFTER INITIAL TESTING.,,,,
,,,,
,,,,
,,,,
,,,,
,,,,
,,,,
Total Price (GBP):,96.16,,,